episode,total_profit,sharpe_ratio,sortino_ratio,max_drawdown,win_rate,avg_loss,num_trades
1,23.473400000000407,0.21969281292642923,0.24603652480732785,86.87528999999965,0.5255474452554745,0.24400016443629094,411
2,139.0808999999998,1.469087783828977,1.6770490182766054,53.47180000000021,0.5959595959595959,0.22880801922326421,297
3,53.89226000000019,0.5188236165188731,0.42341632486369246,83.21305000000001,0.5964285714285714,0.22546072524577263,280
